<?xml version="1.0" encoding="utf-8"?>
<resources>
<!--    <color name="colorPrimary">#6200EE</color>-->
<!--    <color name="colorPrimaryDark">#3700B3</color>-->
<!--    <color name="colorAccent">#03DAC5</color>-->
    <color name="colorPrimary">#777777</color>
    <color name="colorPrimaryDark">#000000</color>
    <color name="colorAccent">#96CDD6</color>
    <color name="darkGray">#777777</color>
    <color name="divider">#E3E3E3</color>
    <color name="white">#ffffff</color>
</resources>
